<?xml version="1.0" encoding="UTF-8"?>
<!DOCTYPE mapper PUBLIC "-//mybatis.org//DTD Mapper 3.0//EN"
    "http://mybatis.org/dtd/mybatis-3-mapper.dtd">

<mapper namespace="BoardMapper">

	<!-- DB컬럼과 VO필드명이 다른 경우 처리방법 -->
	<resultMap type="BoardVO" id="BoardResultMap">
		<id property="boardNo" column="board_no"/>
		<result property="title" column="title"/>
		<result property="content" column="content"/>
		<result property="writer" column="writer"/>
		<result property="regDate" column="reg_date"/>
		<result property="viewCount" column="view_count"/>
	</resultMap>
	
	<!-- 게시물 등록 -->
	<insert id="insert">
		insert into mvc_board (title, content, writer) values (#{title}, #{content}, #{writer})
	</insert>
	
	<!-- 단일 게시물 조회 -->
	<select id="getArticle" resultMap="BoardResultMap">
		SELECT * from mvc_board WHERE board_no = #{boardNO}
	</select>
	
	<!-- 게시물 수정 -->
	<update id="update">
		UPDATE mvc_board SET title=#{title}, content=#{content} where board_no=#{boardNo}
	</update>
	
	<!-- 게시글 삭제 -->
	<delete id="delete">
		DELETE from mvc_board where board_no = #{boardNo}
	</delete>
	
	<!-- 모든 게시물 조회 -->
	<!-- xml에서 SQL구문 작성시 연산자 기호와 문자열을 구분할 수 없을 경우 <![CDATA[(sql구문)]]> 구문 안에 SQL을 작성하면 연산자 기호를 문자열로 처리할 수 있음-->
	<select id="getAllArticles" resultMap="BoardResultMap">
		<![CDATA[
			SELECT * from mvc_board where board_no > 0 ORDER BY board_no DESC
		]]>
	</select>
	
	<!-- 페이지 별 게시물 조회 -->
	<select id="listPaging" resultMap="BoardResultMap">
		SELECT * from mvc_board ORDER BY board_no DESC LIMIT #{pageStart}, #{countPerPage}
	</select>

	<!-- 게시물 총 개수 조회 -->
	<select id="countArticles" resultType="int">
		SELECT COUNT(board_no) from mvc_board
	</select>
	
	<!-- 검색된 게시물 수 조회처리 -->
	<select id="countSearchArticles" resultType="int">
		SELECT count(board_no) 
		from mvc_board 
		<include refid="search"/>
	</select>
	
	<!-- 검색된 게시물 목록 조회처리 -->
	<select id="listSearch" resultMap="BoardResultMap">
		SELECT * 
		FROM mvc_board 
		
		<include refid="search"/>
		
		ORDER BY board_no DESC
		LIMIT #{pageStart}, #{countPerPage}
	</select>
	
	<!-- 중복되는 동적 SQL구문 처리 -->
	<sql id="search">
		<if test="condition != ''">
			<if test="condition == 'title'">
			where title like concat('%', #{keyword}, '%') 
			</if>
			<if test="condition == 'writer'">
			where writer like concat('%', #{keyword}, '%') 
			</if>
			<if test="condition == 'content'">
			where content like concat('%', #{keyword}, '%') 
			</if>
			<if test="condition == 'titleContent'">
		where content like concat('%', #{keyword}, '%') or title like concat('%', #{keyword}, '%') 
		</if>
		</if>
	</sql>
	
	
	
	
	
	
	
	<!-- ==================================================================== 
	
	<select id="listSearchByTitle" resultMap="BoardResultMap">
		SELECT * 
		FROM mvc_board 
		where title like concat('%', #{keyword}, '%') 
		ORDER BY board_no DESC
		LIMIT #{pageStart}, #{countPerPage}
	</select>
	
	<select id="countSearchedArticles" resultType="int">
	SELECT count(board_no) 
	from mvc_board 
	where title like concat('%', #{keyword}, '%')
	</select>
	
	<select id="listSearchByWriter" resultMap="BoardResultMap">
	SELECT * 
	FROM mvc_board 
	where writer like concat('%', #{keyword}, '%') 
	ORDER BY board_no DESC 
	LIMIT #{pageStart}, #{countPerPage}
	</select>
	
	<select id="countSearchedTitleArticles">
	SELECT count(board_no) 
	from mvc_board 
	where writer like concat('%', #{keyword}, '%')
	</select>
	
	<select id="listSearchByContent" resultMap="BoardResultMap">
	SELECT * 
	FROM mvc_board 
	where content like concat('%', #{keyword}, '%') 
	ORDER BY board_no DESC 
	LIMIT #{pageStart}, #{countPerPage}
	</select>
	
	<select id="countSearchedContentArticles">
	SELECT count(board_no) 
	from mvc_board 
	where content like concat('%', #{keyword}, '%')
	</select>
	
	<select id="listSearchByTitleContent" resultMap="BoardResultMap">
	SELECT * 
	FROM mvc_board 
	where content like concat('%', #{keyword}, '%') 
	OR title like concat('%', #{keyword}, '%')
	ORDER BY board_no DESC 
	LIMIT #{pageStart}, #{countPerPage}
	</select>
	-->
</mapper>
