<?xml version="1.0" encoding="UTF-8"?>
<beans xmlns="http://www.springframework.org/schema/beans"
	xmlns:xsi="http://www.w3.org/2001/XMLSchema-instance"
	xmlns:context="http://www.springframework.org/schema/context"
	xsi:schemaLocation="http://www.springframework.org/schema/beans https://www.springframework.org/schema/beans/spring-beans.xsd
		http://www.springframework.org/schema/context http://www.springframework.org/schema/context/spring-context-4.3.xsd">

	<!-- mvc설정과 관련된 여러 처리를 담당하는 설정파일(ex : Db, service...) -->

	<!-- 프로퍼티 파일 로딩하기 -->
	<context:property-placeholder location="classpath:/database/jdbc.properties"/>

	<!-- DB관련된 설정 -->
	<!-- DB관련 정보를 커넥션 풀 객체에 담는 설정 -->

	<!-- HikariConfig 빈 등록 -->
	<bean id="hikariConfig" class="com.zaxxer.hikari.HikariConfig">
		<property name="driverClassName" value="${jdbc.driverClassName}"/>
		<property name="jdbcUrl" value="${jdbc.url}"/>
		<property name="username" value="${jdbc.username}"/>
		<property name="password" value="${jdbc.password}"/>
		
		<property name="maximumPoolSize" value="30"/>
	</bean>
	<!-- DataSource 등록 -->
	<bean id="ds" class="com.zaxxer.hikari.HikariDataSource">
		<constructor-arg ref="hikariConfig"/>
	</bean>
	
	<!-- 마이바티스 중 객체 sessionFactory클래스 빈 등록 -->
	<bean id="sqlSessionFactory" class="org.mybatis.spring.SqlSessionFactoryBean">
		<property name="dataSource" ref="ds"/>
		<property name="configLocation" value="classpath:/spring/mybatis-config.xml"/>
		<property name="mapperLocations" value="classpath:/mappers/**/*Mapper.xml"/>
	</bean>
	
	<!-- 마이바티스를 쉽게 사용할 템플릿 클래스 빈 등록 -->
	<bean id="sqlSession" class="org.mybatis.spring.SqlSessionTemplate" destroy-method="clearCache">
		<constructor-arg ref="sqlSessionFactory"/>
	</bean>
	
	<!-- 컴포넌트 자동 스캔 명령 -->
	<context:component-scan base-package="com.spring.myapp"/>
</beans>
